{
  "name": "angular-cookies",
  "version": "1.7.7",
  "license": "MIT",
  "main": "./angular-cookies.js",
  "ignore": [],
  "dependencies": {
    "angular": "1.7.7"
  },
  "homepage": "https://github.com/angular/bower-angular-cookies",
  "_release": "1.7.7",
  "_resolution": {
    "type": "version",
    "tag": "v1.7.7",
    "commit": "d331cb7fd899e353300aa6232f6a599b2fd005d4"
  },
  "_source": "https://github.com/angular/bower-angular-cookies.git",
  "_target": "~1.7.7",
  "_originalSource": "angular-cookies"
}