{
  "name": "angular-route",
  "version": "1.7.7",
  "license": "MIT",
  "main": "./angular-route.js",
  "ignore": [],
  "dependencies": {
    "angular": "1.7.7"
  },
  "homepage": "https://github.com/angular/bower-angular-route",
  "_release": "1.7.7",
  "_resolution": {
    "type": "version",
    "tag": "v1.7.7",
    "commit": "17d9dbd16548586134f62fea943c62c6a50785b3"
  },
  "_source": "https://github.com/angular/bower-angular-route.git",
  "_target": "~1.7.7",
  "_originalSource": "angular-route"
}